,logSalePrice,MSSubClass,LotFrontage,LotArea,OverallQual,OverallCond,YearBuilt,YearRemodAdd,MasVnrArea,BsmtFinSF1,BsmtFinSF2,BsmtUnfSF,TotalBsmtSF,1stFlrSF,2ndFlrSF,LowQualFinSF,GrLivArea,BsmtFullBath,BsmtHalfBath,FullBath,HalfBath,BedroomAbvGr,KitchenAbvGr,TotRmsAbvGrd,Fireplaces,GarageYrBlt,GarageCars,GarageArea,WoodDeckSF,OpenPorchSF,EnclosedPorch,3SsnPorch,ScreenPorch,PoolArea,MiscVal,MoSold,YrSold,HouseAge,GarageAge,RemodAge,BathsAbvGr,BsmtBaths,AllBaths,AllRmsAbvGr,AllRooms,TotalSF,1and2FlrSF,OverallQualCond,Has_MasVnr,Has_Bsmt,Has_2ndFlr,Has_Garage,Has_WoodDeck,Has_Porch,Has_Pool
logSalePrice,1.0,-0.07395901733239706,0.35328808691463376,0.2573198923527394,0.8171844179216838,-0.03686798773028448,0.5865702403842264,0.5656078325911805,0.4267751318363661,0.37202307356708847,0.004832410532046697,0.22198505352520956,0.6121339753697869,0.5969810450343733,0.3192999843472046,-0.03796280313742577,0.7009266525441282,0.2362241088243495,-0.0051490940532391205,0.5947705420075314,0.31398224991514845,0.20904368212691957,-0.14754808847658185,0.5344222037231241,0.4894494275984859,0.3490136169886167,0.6806248074360467,0.6508875559020062,0.3341350739575121,0.3210529720197675,-0.14905028142767693,0.05490022646762184,0.12120760489686366,0.06979780600969036,-0.020020820155022857,0.0573294845979097,-0.037262969463139284,-0.5872900470291361,-0.3491098222248531,-0.568148625126593,0.6393195069286711,0.2368359104178748,0.6730105940434354,0.6135123402875147,0.6635504217478794,0.7732768410005639,0.7102743349098309,0.6068728118075558,0.3822718088078489,0.19963440195810844,0.15054940161003055,0.3229985232994594,0.32034899659563093,-0.0931396352092028,0.06983498676138589
MSSubClass,-0.07395901733239706,1.0,-0.3703668949702737,-0.13978108172014597,0.032627707521842034,-0.059315817084104695,0.027850136946705798,0.04058104478406425,0.02357296811038234,-0.06983574916710049,-0.06564857918852389,-0.14075948083501172,-0.23851840931511895,-0.25175835187837925,0.30788572075985926,0.046473755899517154,0.0748531796577994,0.003491025779044692,-0.0023325345518022773,0.13160822241028108,0.17735438864391687,-0.02343802846062706,0.2817210402648814,0.04038006478367613,-0.04556934027456939,-0.08099708884422391,-0.040109793135783604,-0.09867154319256435,-0.012579358249219592,-0.006100121231942238,-0.012036621902094771,-0.04382454917560846,-0.026030176699806666,0.008282707579624416,-0.007683291329865976,-0.013584643238322348,-0.02140703785109821,-0.02874648641359135,0.08093144024948695,-0.04196694537616913,0.18411428381636205,0.0029770020408762515,0.15104763607339894,0.08791043470266469,0.0875088764599342,-0.07929278551222148,0.07113732773147503,-0.011088412039756121,0.032296616157303594,-0.015438852744547845,0.3669551135543297,-0.08535739024919992,0.03108898094089392,-0.05252349175703206,0.008610208664207525
LotFrontage,0.35328808691463376,-0.3703668949702737,1.0,0.3359574609831636,0.23954600418366712,-0.04359468718969218,0.12099873078612405,0.08454984078992267,0.19582972842815755,0.23257631440512172,0.05223732198856601,0.1191741246714474,0.3810384740502708,0.43410901393686685,0.0756858965636419,0.031873275390576584,0.38519048675605005,0.10722573382638453,0.006620069374570765,0.1865611838950013,0.05419030443949831,0.24523230021514714,-0.005626854285606466,0.33261942829209096,0.24929487397229774,0.10486479726327623,0.2813933138601487,0.339085177130848,0.08873629767952533,0.14173367505734843,0.008056664084360617,0.0646544920251004,0.04106270279370958,0.17456670713124897,0.005332016427449894,0.007370326980995014,0.004755612409075328,-0.12060095089170268,-0.10484701001225377,-0.08417797147955787,0.18302271600822953,0.10957983713208237,0.22006166089757193,0.3160945457030663,0.338832104651117,0.44873036497714,0.38540737980558765,0.16310676748031444,0.13372603006821154,0.03350307801225319,-0.044146267936089084,0.10163099492166225,0.03741624227349627,0.000246665021589851,0.20123799265333667
LotArea,0.2573198923527394,-0.13978108172014597,0.3359574609831636,1.0,0.10580574175496422,-0.005636270274099278,0.014227651757025093,0.013788427078155424,0.10332050563046018,0.21410313070557713,0.11116974549624871,-0.00261835995009543,0.2608331345451572,0.29947457850776266,0.05098594829349377,0.004778969866349555,0.26311616716714803,0.15815453106001476,0.04804557088829686,0.1260306265196436,0.014259468566431947,0.11968990815131542,-0.017783870504841995,0.190014777625409,0.2713640096245418,0.07259876795558594,0.15487073975354076,0.1804027551511169,0.17169768725711246,0.08477380884021642,-0.018339733672212328,0.020422829586133416,0.04316037769525204,0.07767239188017444,0.03806769201918336,0.0012049882225877268,-0.01426140729855021,-0.014831558519227094,-0.07263783641103418,-0.014611385549691148,0.11480493462574225,0.1705007203977543,0.2047638987873352,0.18371090786635186,0.22304862079959487,0.3068136618499898,0.26484972586312866,0.08561630874611569,0.030952458608240883,0.01973343291028058,0.011727023493156588,0.07401457947836088,0.061508363027121114,0.000935605139954091,0.08716584487262787
OverallQual,0.8171844179216838,0.032627707521842034,0.23954600418366712,0.10580574175496422,1.0,-0.09193234263907182,0.5723227689623621,0.5506839241941717,0.4072521235240135,0.23966596617889105,-0.05911869267068986,0.30815892690564284,0.5378084986123907,0.4762238290781779,0.29549287919970985,-0.030429283979605037,0.5930074300286512,0.11109778614230235,-0.04015015766998829,0.5505997093682543,0.2734580986427702,0.1016763562417855,-0.18388223454922156,0.42745234327798975,0.39676503795208906,0.28899764855964477,0.6006707165907149,0.5620217566126083,0.23892339224918593,0.3088188233594523,-0.11393685859568162,0.03037056713526452,0.06488636049351544,0.06516584360589199,-0.031406210500746504,0.07081517178517327,-0.027346708327825386,-0.5726294680112975,-0.28906704031400215,-0.5524975216705662,0.5850379391790668,0.10263967420194156,0.5410628268191986,0.5132576972189059,0.5317644470281712,0.6648302888837496,0.6007583484007735,0.7171671693872397,0.3838449738153517,0.21017698987227734,0.17534662177340357,0.26196796005833073,0.27429355698358887,-0.09586086644298038,0.07390693557589396
OverallCond,-0.03686798773028448,-0.059315817084104695,-0.04359468718969218,-0.005636270274099278,-0.09193234263907182,1.0,-0.37598319560698945,0.07374149814528905,-0.12569363361953678,-0.04623085591822496,0.040229169899767575,-0.13684056989352233,-0.1710975146249218,-0.1442027840490591,0.028942115965816882,0.025494319914213383,-0.07968586538833815,-0.05494151543295185,0.11782091508139253,-0.1941494887493024,-0.06076932676159483,0.012980060094550628,-0.08700085543638039,-0.057583166112865375,-0.02381997776166212,-0.006515471954746088,-0.18575751057836357,-0.15152137057022985,-0.0033336992893856225,-0.03258881352158505,0.07035618448230374,0.025503660024132138,0.05481052878611526,-0.0019849422681841354,0.0687768060572499,-0.003510838599939743,0.043949745692488544,0.3773254975104505,0.006643879792496886,-0.07095043873136138,-0.19219665176057343,-0.0280493504335808,-0.17403231904744,-0.10383552189223741,-0.10936112598643215,-0.14198028633285395,-0.08272446093696817,0.6067254233235304,-0.15683156836805992,0.08339821705591335,0.0620944639311865,0.009690365759745495,-0.04210896786991735,0.12341775293445503,-0.009157744022254617
YearBuilt,0.5865702403842264,0.027850136946705798,0.12099873078612405,0.014227651757025093,0.5723227689623621,-0.37598319560698945,1.0,0.5928549763436519,0.31160010682860867,0.24950319668479728,-0.049106831196239174,0.14904039195440058,0.3914520020660952,0.2819858586998021,0.010307659584364078,-0.18378434437372046,0.19900971367645826,0.1875985499971434,-0.03816180567123349,0.4682707871726737,0.2426559102410641,-0.07065121690473103,-0.17480024561497706,0.09558912829795185,0.14771639941245646,0.2720293206017311,0.5378500917111052,0.4789538198934904,0.22488014230399744,0.188685840001731,-0.3872677829280785,0.03135451306436603,-0.05036443453861205,0.004949727615942999,-0.03438313873672287,0.012398470595440986,-0.01361768000183213,-0.9990359444033182,-0.2720591509379317,-0.5938508417979211,0.5015473634113422,0.18018603797345573,0.5242982563713847,0.2282091813403732,0.26934378382626645,0.3354884458810782,0.21780469431403823,0.15873842534581406,0.4144100867656668,0.07850963088934343,-0.09694520257885322,0.23107167152886884,0.30529485611236706,-0.3955547658183662,0.005952569474999973
YearRemodAdd,0.5656078325911805,0.04058104478406425,0.08454984078992267,0.013788427078155424,0.5506839241941717,0.07374149814528905,0.5928549763436519,1.0,0.17652918060206757,0.12845054712828866,-0.06775851356598699,0.18113308705016903,0.2910655826041661,0.24037926760355463,0.14002377880486447,-0.06241910007833181,0.2873885196503327,0.11946987911123993,-0.012337032127797673,0.4390464838723479,0.1833306117185349,-0.040580928067749454,-0.14959752104274646,0.1917398162928069,0.11258131843947561,0.14635722361695705,0.42062215494321714,0.3715998094973092,0.20572592049010355,0.22629763268298944,-0.1939191470992078,0.045285809814976964,-0.038740010742610125,0.005829372037106204,-0.010286248783081431,0.02149000222687611,0.03574324712127364,-0.5903597200585918,-0.14624720049735912,-0.9979308897647804,0.4527796060413458,0.11752311535185102,0.4437189552493066,0.2884728274555921,0.31350795865652153,0.3384040317528416,0.29559251888852056,0.45814803086499356,0.22598119417342122,0.1370530552654323,0.05772903766905884,0.11382563172180346,0.2863888853939835,-0.19964514745969228,0.009579937963182083
MasVnrArea,0.4267751318363661,0.02357296811038234,0.19582972842815755,0.10332050563046018,0.4072521235240135,-0.12569363361953678,0.31160010682860867,0.17652918060206757,1.0,0.2612560549131619,-0.07132962764448492,0.11386216308161244,0.3600673680536385,0.3398504136832498,0.17380000043557584,-0.06862797990733806,0.38805205222176076,0.08301004780135805,0.027402662333464174,0.272998855726434,0.1991075194121962,0.10277451613689104,-0.03845011208085581,0.279567887525776,0.2470152773621435,0.13269638748967166,0.36194456617745635,0.37088415280889775,0.15999052961835059,0.12252833183190157,-0.10990679726021646,0.019143784329513205,0.06224771119321621,0.011928394029596522,-0.02951224865746647,-0.006723203934639954,-0.008316622580938534,-0.3114785424298818,-0.13271583854221514,-0.17699057609566457,0.31518658800514054,0.08999668935676879,0.31424750651137484,0.31504993078571647,0.3330115784742251,0.43938547251556154,0.3976691305958516,0.22571352441790432,0.6920893555026443,0.05987865824806954,0.06520302369702907,0.11984457402495155,0.09936371583478658,-0.06630574247728122,0.019602917200196645
BsmtFinSF1,0.37202307356708847,-0.06983574916710049,0.23257631440512172,0.21410313070557713,0.23966596617889105,-0.04623085591822496,0.24950319668479728,0.12845054712828866,0.2612560549131619,1.0,-0.0501174000471511,-0.49525146925701125,0.5223960519923867,0.4458626560920054,-0.13707898608005356,-0.06450259692146844,0.20817113014532704,0.6492117535742649,0.06741847791011696,0.058543136861595194,0.004262424384486936,-0.10735467682307034,-0.08100685077857439,0.044315623912920654,0.2600109202350403,0.11584263136140367,0.22405352239399068,0.2969703853445138,0.20430614523740265,0.11176061335675101,-0.10230330550073197,0.026450506189898953,0.06202062266534991,0.1404912862549568,0.003571473474954695,-0.015726948262154667,0.014358922393909302,-0.24848308141621445,-0.11579632885436253,-0.12742879074607374,0.052395109126268234,0.66980182895623,0.48160914925151144,0.050684617302173475,0.2138427934213966,0.41108352907628176,0.21591334651655694,0.14061066444579956,0.22928646474575023,0.15689870823441637,-0.21441990111163642,0.10804295071884246,0.1455590967072044,-0.06286694405335667,0.16627074323450625
BsmtFinSF2,0.004832410532046697,-0.06564857918852389,0.05223732198856601,0.11116974549624871,-0.05911869267068986,0.040229169899767575,-0.049106831196239174,-0.06775851356598699,-0.07132962764448492,-0.0501174000471511,1.0,-0.20929449241994497,0.10480953760636813,0.0971174484566702,-0.09926031602264425,0.01480699794683367,-0.009639891551805443,0.15867806078170135,0.07094813365590413,-0.07644386196518269,-0.032147837468965886,-0.015728113626581035,-0.04075123644840764,-0.03522654794752336,0.04692070882601213,0.03506988265373456,-0.038263512869251545,-0.018226591907316552,0.06789832641361218,0.003092562209894399,0.036543339448210164,-0.029993397993921023,0.08887125137339073,0.041709054681333575,0.004939781228437705,-0.015210737972006668,0.03170563698487945,0.050422126465853,-0.034975781900722716,0.06980722688947956,-0.07892493286535374,0.1763372955196915,0.05170850599126384,-0.05169492485026016,-0.007904892303411367,0.04967824573976176,-0.011101190934643594,-0.01874824907337089,-0.06733336569338326,0.04654512847750578,-0.11713123245101056,0.03973331966526564,0.04258779314100654,0.06060949161573016,0.04329610616687433
BsmtUnfSF,0.22198505352520956,-0.14075948083501172,0.1191741246714474,-0.00261835995009543,0.30815892690564284,-0.13684056989352233,0.14904039195440058,0.18113308705016903,0.11386216308161244,-0.49525146925701125,-0.20929449241994497,1.0,0.4153596051815893,0.3179874383527259,0.004469092144542392,0.028166688132741206,0.240257268349935,-0.42290047738321335,-0.09580428815248283,0.2888860554869108,-0.04111753014455172,0.16664331698696289,0.030085868314000126,0.25064706137624926,0.0515748822895418,0.04271996058346056,0.2141751897502169,0.18330269774258412,-0.005316424333062066,0.12900541461542128,-0.002537854589751547,0.02076400569654798,-0.012579273444256824,-0.035092240793657914,-0.023836645134507763,0.03488844300908206,-0.04125819493876721,-0.1506189918290662,-0.04283915480386328,-0.18381308652819273,0.23397734996901967,-0.4483410172453663,-0.10449613893863337,0.26758684976532676,0.15450032601550553,0.37454045232128885,0.23961947610958287,0.14851324598795315,0.11458088330914273,0.20707269346772622,-0.03513187558020089,0.032923892553873714,0.03361032352253464,-0.011262239997918547,-0.037278818376009284
TotalBsmtSF,0.6121339753697869,-0.23851840931511895,0.3810384740502708,0.2608331345451572,0.5378084986123907,-0.1710975146249218,0.3914520020660952,0.2910655826041661,0.3600673680536385,0.5223960519923867,0.10480953760636813,0.4153596051815893,1.0,0.8195299750050339,-0.17451195013496046,-0.0332453873474563,0.45486820254790317,0.30735055373550346,-0.00031458181983374725,0.3237224136066502,-0.04880373863521248,0.05044995551267818,-0.06890064264201659,0.28557256372579454,0.33951932389865597,0.17635890327428871,0.43458483429168865,0.4866654637737961,0.23201860912901803,0.2472637462881078,-0.09547773670640776,0.03738372726300508,0.08448898591431157,0.12605313210083768,-0.018478922431472124,0.013196178616778433,-0.014968648018762356,-0.39149776403037023,-0.1763962158762476,-0.29194928542051496,0.26111389426397313,0.30962664894720965,0.41446773312123353,0.30320023183643596,0.3750277414400267,0.8228883955551266,0.46173763145297125,0.28887476503762444,0.32902371416919657,0.38879949395815677,-0.3013768931035609,0.16009815707609226,0.20084267124518218,-0.054415628016782853,0.15123588258974507
1stFlrSF,0.5969810450343733,-0.25175835187837925,0.43410901393686685,0.29947457850776266,0.4762238290781779,-0.1442027840490591,0.2819858586998021,0.24037926760355463,0.3398504136832498,0.4458626560920054,0.0971174484566702,0.3179874383527259,0.8195299750050339,1.0,-0.20264618100232087,-0.014240672666431285,0.5660239689357486,0.24467110424771052,0.001955653582048656,0.3806374949735071,-0.11991590879396136,0.12740074939236454,0.06810058817691335,0.40951597886683183,0.41053108465984556,0.16664164408499102,0.4393168079906709,0.4897816541041918,0.23545862278369778,0.2116712254979847,-0.0652917009103091,0.05610437448487508,0.08875807262015682,0.13152497564028254,-0.021095719463122223,0.03137156035207926,-0.01360377050464661,-0.28214267508967616,-0.16667531978264208,-0.2411493647411092,0.2823001468934476,0.246994416415918,0.3905572784554432,0.40660097711440263,0.4617822207436657,0.7976783128235425,0.5720410284233268,0.27417819247321923,0.3133247983779832,0.023875742806445832,-0.3385381105110184,0.1548463344307372,0.17601042369333977,-0.023394244008455144,0.1467268480603979
2ndFlrSF,0.3192999843472046,0.30788572075985926,0.0756858965636419,0.05098594829349377,0.29549287919970985,0.028942115965816882,0.010307659584364078,0.14002377880486447,0.17380000043557584,-0.13707898608005356,-0.09926031602264425,0.004469092144542392,-0.17451195013496046,-0.20264618100232087,1.0,0.06335295010932271,0.6875010641666033,-0.16949395173099896,-0.023854783937045255,0.4213779828759713,0.6097073002717436,0.5029006133459056,0.05930575264821624,0.6164226354915431,0.19456089224132392,0.0644018341125569,0.18392558307638002,0.13834695857186657,0.09216541758603868,0.2080260631813579,0.06198869077325203,-0.02435764842204794,0.040606447641001006,0.08148687804909954,0.016196874604388505,0.035164427361791005,-0.02869991393529755,-0.011551593652793877,-0.06448346869179669,-0.14181743530451507,0.6060391816480565,-0.1763191385018475,0.3751602625259425,0.6674499418964027,0.6157520598279935,0.34568907513175123,0.6872850677744075,0.27287890425221356,0.02752372821914296,0.060787788310857814,0.9114206692840077,0.060821104324909676,0.0852368454712535,0.03197269035955079,0.09007283649540158
LowQualFinSF,-0.03796280313742577,0.046473755899517154,0.031873275390576584,0.004778969866349555,-0.030429283979605037,0.025494319914213383,-0.18378434437372046,-0.06241910007833181,-0.06862797990733806,-0.06450259692146844,0.01480699794683367,0.028166688132741206,-0.0332453873474563,-0.014240672666431285,0.06335295010932271,1.0,0.13468281300660076,-0.047143421898259166,-0.005841504819311643,-0.0007095096206731084,-0.02708004931716945,0.10560656854090526,0.007521744344233734,0.13118477598954745,-0.02127214341393874,-0.14646725751700101,-0.09447952015593257,-0.06760141323952208,-0.025443647988791077,0.018251039053999052,0.06108123777122687,-0.004295610410300094,0.02679941302177244,0.06215737226918922,-0.003792870779996453,-0.02217396057953783,-0.028920879782296086,0.18222755234771848,0.14637720052443537,0.06057089384672261,-0.01132041910370773,-0.04885784909670572,-0.041202672678074335,0.09911681959882943,0.08589432019180034,0.06822286380915402,0.04250123773617707,0.009066913030038657,-0.09916057711579077,0.014636892828913414,0.03086648228326081,-0.14512781222684462,-0.031320125712264814,0.039900431554398604,0.07162108613704625
GrLivArea,0.7009266525441282,0.0748531796577994,0.38519048675605005,0.26311616716714803,0.5930074300286512,-0.07968586538833815,0.19900971367645826,0.2873885196503327,0.38805205222176076,0.20817113014532704,-0.009639891551805443,0.240257268349935,0.45486820254790317,0.5660239689357486,0.6875010641666033,0.13468281300660076,1.0,0.03483604954490554,-0.0189184831706347,0.6300116462511148,0.4157716361052652,0.5212695109189948,0.10006316473775474,0.8254893743088425,0.46167913376144704,0.1625430015438673,0.4672474187951873,0.4689974773229655,0.24743282051884846,0.33022396171200064,0.009113210326003087,0.020643189710186576,0.10151039568208567,0.1702053360005616,-0.0024156395502935623,0.05023968081827284,-0.03652581962473121,-0.20030249630654806,-0.16264392496009358,-0.28961611500083606,0.7100867880092916,0.030716799975548974,0.5951685094587328,0.8627671187908412,0.8591930137134761,0.8803239594943552,0.9957175958183923,0.4292342718661373,0.24419735986022564,0.06941716482781511,0.5109366377225834,0.15101472249492842,0.19739822960079814,0.013041671560370343,0.18939735102573182
BsmtFullBath,0.2362241088243495,0.003491025779044692,0.10722573382638453,0.15815453106001476,0.11109778614230235,-0.05494151543295185,0.1875985499971434,0.11946987911123993,0.08301004780135805,0.6492117535742649,0.15867806078170135,-0.42290047738321335,0.30735055373550346,0.24467110424771052,-0.16949395173099896,-0.047143421898259166,0.03483604954490554,1.0,-0.14787096054760138,-0.06451204863131507,-0.030904959142533293,-0.15067280920795623,-0.041502546431482885,-0.0532752361233972,0.1379277084271981,0.04926965210513108,0.13188122440619438,0.179189480420231,0.17531519007972224,0.06734146137698176,-0.049910649083753186,-0.00010609153998400853,0.023147725763573802,0.06761555618047507,-0.02304702486861695,-0.025360894315259907,0.06704913767140361,-0.18436182698653145,-0.049071571544240196,-0.1151507770124269,-0.0680982492329986,0.9733648243640232,0.5830756620007732,-0.06249545800824686,0.1763576534100665,0.18594252720942533,0.039522948574110074,0.03713673948375284,0.106584881348536,0.13221885470580375,-0.21694077421781852,0.042988030322113506,0.1471866259955016,-0.0438213942905493,0.07689206996728434
BsmtHalfBath,-0.0051490940532391205,-0.0023325345518022773,0.006620069374570765,0.04804557088829686,-0.04015015766998829,0.11782091508139253,-0.03816180567123349,-0.012337032127797673,0.027402662333464174,0.06741847791011696,0.07094813365590413,-0.09580428815248283,-0.00031458181983374725,0.001955653582048656,-0.023854783937045255,-0.005841504819311643,-0.0189184831706347,-0.14787096054760138,1.0,-0.054535811983635524,-0.012339900052275487,0.046518848389950684,-0.03794435022720086,-0.023836341262220544,0.028975586646259963,0.016811229882796035,-0.02089105899687853,-0.02453557957887923,0.04016122325953452,-0.02532375788905772,-0.008555333868578032,0.035113630886772336,0.03212140720908338,0.02002462983851695,-0.007366524543625446,0.03287270523409066,-0.04652388177400862,0.03605962701722577,-0.016946792990729615,0.009338706958155935,-0.052117322785934395,0.08280893916885905,0.012092071100427699,-0.03458573784310393,-0.013889229164976686,-0.01223812404151082,-0.018530191392222076,0.0502533136637235,0.040909576894424426,0.0388709746547949,-0.024934000493063952,0.020814007428537763,0.033225003903321226,0.009365824752469875,0.024813177944055017
FullBath,0.5947705420075314,0.13160822241028108,0.1865611838950013,0.1260306265196436,0.5505997093682543,-0.1941494887493024,0.4682707871726737,0.4390464838723479,0.272998855726434,0.058543136861595194,-0.07644386196518269,0.2888860554869108,0.3237224136066502,0.3806374949735071,0.4213779828759713,-0.0007095096206731084,0.6300116462511148,-0.06451204863131507,-0.054535811983635524,1.0,0.13638058874914522,0.36325198302327694,0.1331152141960393,0.5547842535334836,0.2436705030799116,0.1374638869518833,0.469672043267628,0.4056562084540099,0.18770321383582822,0.25997742546824865,-0.11509296346134239,0.03535301658385297,-0.00810609332811188,0.04960382558403366,-0.014289844970848111,0.055872128991723384,-0.019668840691520386,-0.46840292020672947,-0.13751639200524998,-0.4403432846604732,0.9201156653671231,-0.07764705041619685,0.6941971437508355,0.7153521674592672,0.6871704016591508,0.5744030766574918,0.6352963042044634,0.2995549155780478,0.2661542022357953,-0.01655840877427365,0.29484531824223187,0.11284618053309357,0.22659782747480342,-0.1284212888810052,0.05481515359734418
HalfBath,0.31398224991514845,0.17735438864391687,0.05419030443949831,0.014259468566431947,0.2734580986427702,-0.06076932676159483,0.2426559102410641,0.1833306117185349,0.1991075194121962,0.004262424384486936,-0.032147837468965886,-0.04111753014455172,-0.04880373863521248,-0.11991590879396136,0.6097073002717436,-0.02708004931716945,0.4157716361052652,-0.030904959142533293,-0.012339900052275487,0.13638058874914522,1.0,0.22665148415094508,-0.06826254889694101,0.3434148575409178,0.20364850809521917,0.11716607355931281,0.21917815216716094,0.1635493640166073,0.10808030267536337,0.19974014751279254,-0.09531652573608992,-0.0049724884173161,0.0724258451703809,0.0223814980554099,0.0012901448492839542,-0.009049888212650292,-0.010268668868105917,-0.24272773350719212,-0.11719181123694541,-0.18399974882780626,0.5134733032140811,-0.03400167234659277,0.39351601495991145,0.4256468961681874,0.4118618581507718,0.23927845982930038,0.42174201483269136,0.18224619813253165,0.12135423446594099,0.1228109625417695,0.5731859445461779,0.10721153347176265,0.1073755009208903,-0.06621111528912142,0.026033154920563278
BedroomAbvGr,0.20904368212691957,-0.02343802846062706,0.24523230021514714,0.11968990815131542,0.1016763562417855,0.012980060094550628,-0.07065121690473103,-0.040580928067749454,0.10277451613689104,-0.10735467682307034,-0.015728113626581035,0.16664331698696289,0.05044995551267818,0.12740074939236454,0.5029006133459056,0.10560656854090526,0.5212695109189948,-0.15067280920795623,0.046518848389950684,0.36325198302327694,0.22665148415094508,1.0,0.1985967577071338,0.676619935742649,0.10756968099132388,-0.009849549390567315,0.08610643768835287,0.06525252989881626,0.04685377306989394,0.09380957160591452,0.04157043451959824,-0.02447779636611455,0.044299691127134826,0.07070258356547471,0.007766971998717607,0.04654385993628238,-0.03601389283370446,0.06895972022171822,0.00974376764578131,0.0382798891651964,0.40425299331639347,-0.14104083470609102,0.2348853913906299,0.6527792822012513,0.6098977197455006,0.3594586067373668,0.5157344554599852,0.1022068416249124,0.0717544894631627,0.00565521454068582,0.41924630666105567,-0.006672119199677392,0.009011090337714635,0.009021372344108526,0.07216234763356268
KitchenAbvGr,-0.14754808847658185,0.2817210402648814,-0.005626854285606466,-0.017783870504841995,-0.18388223454922156,-0.08700085543638039,-0.17480024561497706,-0.14959752104274646,-0.03845011208085581,-0.08100685077857439,-0.04075123644840764,0.030085868314000126,-0.06890064264201659,0.06810058817691335,0.05930575264821624,0.007521744344233734,0.10006316473775474,-0.041502546431482885,-0.03794435022720086,0.1331152141960393,-0.06826254889694101,0.1985967577071338,1.0,0.2560454085359489,-0.12393623529689729,-0.15799139125846176,-0.05063389240221729,-0.06443304718314395,-0.09013027267903444,-0.07009060989258609,0.03731238503296963,-0.024600358690531954,-0.05161336606147979,-0.014525116015980777,0.062340724004379115,0.026588907230915452,0.031687206500669154,0.1759184083061002,0.15807831909969947,0.15166954717692255,0.08831729352060304,-0.050615623679526774,0.038331350709192115,0.2272392556868476,0.21194052815901893,0.027142049912880925,0.10019024258599785,-0.19730258572232795,-0.06034859804044432,-0.2824775153287628,0.041498414135617404,-0.15251530759561222,-0.09060976897101387,-0.006483802273392286,-0.014676795995371108
TotRmsAbvGrd,0.5344222037231241,0.04038006478367613,0.33261942829209096,0.190014777625409,0.42745234327798975,-0.057583166112865375,0.09558912829795185,0.1917398162928069,0.279567887525776,0.044315623912920654,-0.03522654794752336,0.25064706137624926,0.28557256372579454,0.40951597886683183,0.6164226354915431,0.13118477598954745,0.8254893743088425,-0.0532752361233972,-0.023836341262220544,0.5547842535334836,0.3434148575409178,0.676619935742649,0.2560454085359489,1.0,0.3261144801772001,0.0956072715132769,0.3622885708147746,0.33782212063683786,0.16598388371493233,0.2341915878315988,0.004151299023856323,-0.006683241010939702,0.059382599559410935,0.0837573495149245,0.024762884163584138,0.036907077159844405,-0.03451635430218269,-0.09695522283693345,-0.09570478109152271,-0.19392062877770203,0.6163193329684972,-0.05920791143858285,0.46027330444091197,0.9705357858796829,0.9435845285163867,0.6788024533202122,0.8200878344460208,0.3108108004198473,0.20351191931842066,0.013837080346422061,0.48100428354321184,0.08828482152767207,0.14602800882189956,-0.006548404073500267,0.09382817949270768
Fireplaces,0.4894494275984859,-0.04556934027456939,0.24929487397229774,0.2713640096245418,0.39676503795208906,-0.02381997776166212,0.14771639941245646,0.11258131843947561,0.2470152773621435,0.2600109202350403,0.04692070882601213,0.0515748822895418,0.33951932389865597,0.41053108465984556,0.19456089224132392,-0.02127214341393874,0.46167913376144704,0.1379277084271981,0.028975586646259963,0.2436705030799116,0.20364850809521917,0.10756968099132388,-0.12393623529689729,0.3261144801772001,1.0,0.18626376224603408,0.3007887663013562,0.2691412380738719,0.20001879575902368,0.16940532713120185,-0.02482186853706847,0.011257238992774959,0.18453026951684842,0.09507352203619863,0.0014086054430451757,0.04635710249771968,-0.024095564980725313,-0.14854356345186034,-0.18632742559302892,-0.11414201568139966,0.2915776388455728,0.14569869427246343,0.331652010167435,0.3442234505382156,0.37543293509293846,0.47541644019686213,0.4674879086675962,0.30874927020579357,0.20290417633455252,0.08575931517033865,0.11840478929219592,0.18410997360485612,0.17340383459256592,0.07777770797660943,0.10322467238327349
GarageYrBlt,0.3490136169886167,-0.08099708884422391,0.10486479726327623,0.07259876795558594,0.28899764855964477,-0.006515471954746088,0.2720293206017311,0.14635722361695705,0.13269638748967166,0.11584263136140367,0.03506988265373456,0.04271996058346056,0.17635890327428871,0.16664164408499102,0.0644018341125569,-0.14646725751700101,0.1625430015438673,0.04926965210513108,0.016811229882796035,0.1374638869518833,0.11716607355931281,-0.009849549390567315,-0.15799139125846176,0.0956072715132769,0.18626376224603408,1.0,0.5980046450202292,0.5607828699762403,0.1173048064330268,0.04987693711655174,-0.07682158643121384,0.029401147331843142,0.061415935745420085,0.015858023681647168,-0.006669285169502897,0.019150854512213596,-0.011133812549118395,-0.2720932479197934,-0.9999957163789118,-0.1471027505265349,0.16539156993040663,0.053543222143592396,0.16904154899700657,0.1253668897155496,0.13685070637180977,0.19764818679336946,0.17755434542075008,0.20995412545487577,0.17946695912117092,0.09768889233047687,0.03496126594119128,0.998600515647181,0.12256207666845821,-0.038514275087086505,0.016086941570228407
GarageCars,0.6806248074360467,-0.040109793135783604,0.2813933138601487,0.15487073975354076,0.6006707165907149,-0.18575751057836357,0.5378500917111052,0.42062215494321714,0.36194456617745635,0.22405352239399068,-0.038263512869251545,0.2141751897502169,0.43458483429168865,0.4393168079906709,0.18392558307638002,-0.09447952015593257,0.4672474187951873,0.13188122440619438,-0.02089105899687853,0.469672043267628,0.21917815216716094,0.08610643768835287,-0.05063389240221729,0.3622885708147746,0.3007887663013562,0.5980046450202292,1.0,0.882475414281462,0.2263421384698597,0.21356944558969115,-0.15143416002683724,0.035765285146453774,0.05049379192719834,0.020933531041465454,-0.04308012810223063,0.040521730128251755,-0.039116904112831495,-0.5387273901503337,-0.5980970957035785,-0.4231971335842539,0.4934794191567325,0.12804640868486653,0.48357761925005677,0.4342875948961656,0.4600226641004431,0.5296076153284963,0.4799323575028782,0.3389112168972632,0.36727513727956446,0.07807526521243668,0.05172022898962669,0.5732872764744834,0.24002596412173707,-0.1334615874735909,0.02163651702371977
GarageArea,0.6508875559020062,-0.09867154319256435,0.339085177130848,0.1804027551511169,0.5620217566126083,-0.15152137057022985,0.4789538198934904,0.3715998094973092,0.37088415280889775,0.2969703853445138,-0.018226591907316552,0.18330269774258412,0.4866654637737961,0.4897816541041918,0.13834695857186657,-0.06760141323952208,0.4689974773229655,0.179189480420231,-0.02453557957887923,0.4056562084540099,0.1635493640166073,0.06525252989881626,-0.06443304718314395,0.33782212063683786,0.2691412380738719,0.5607828699762403,0.882475414281462,1.0,0.2246663071787637,0.2414346721380881,-0.1217767195610043,0.03508670020815975,0.05141176244520852,0.061047271702060014,-0.02739991441262488,0.02797379982354057,-0.027377940418545084,-0.47940772523967634,-0.560842331313765,-0.3733972373450462,0.41603665664174483,0.17487139569043555,0.45156699145880036,0.3914600974994153,0.4291971980969843,0.5584659378027531,0.4791892606855136,0.33010822504589993,0.3384141661339564,0.08482989645542706,0.0017500902767733357,0.5363330077786217,0.20759041153741323,-0.11114610257586385,0.07205427557317383
WoodDeckSF,0.3341350739575121,-0.012579358249219592,0.08873629767952533,0.17169768725711246,0.23892339224918593,-0.0033336992893856225,0.22488014230399744,0.20572592049010355,0.15999052961835059,0.20430614523740265,0.06789832641361218,-0.005316424333062066,0.23201860912901803,0.23545862278369778,0.09216541758603868,-0.025443647988791077,0.24743282051884846,0.17531519007972224,0.04016122325953452,0.18770321383582822,0.10808030267536337,0.04685377306989394,-0.09013027267903444,0.16598388371493233,0.20001879575902368,0.1173048064330268,0.2263421384698597,0.2246663071787637,1.0,0.058660608565887375,-0.1259888880376007,-0.03277063359357436,-0.07418135123983237,0.07337820695645396,-0.009551228238372468,0.021011044294297315,0.022270451009253036,-0.22355114057385767,-0.11723529167204833,-0.2043179079537521,0.2053168447421523,0.18596486388133465,0.2882000205792605,0.19261453144729565,0.23561980899882978,0.28145861697530944,0.2518561568514824,0.18166186999902895,0.14193256299938561,0.09040118714759482,0.03222993244077833,0.10578481958803806,0.7848255245617316,-0.16932485189626179,0.06167080667123077
OpenPorchSF,0.3210529720197675,-0.006100121231942238,0.14173367505734843,0.08477380884021642,0.3088188233594523,-0.03258881352158505,0.188685840001731,0.22629763268298944,0.12252833183190157,0.11176061335675101,0.003092562209894399,0.12900541461542128,0.2472637462881078,0.2116712254979847,0.2080260631813579,0.018251039053999052,0.33022396171200064,0.06734146137698176,-0.02532375788905772,0.25997742546824865,0.19974014751279254,0.09380957160591452,-0.07009060989258609,0.2341915878315988,0.16940532713120185,0.04987693711655174,0.21356944558969115,0.2414346721380881,0.058660608565887375,1.0,-0.09307931750864903,-0.005842499340135753,0.07430394385024312,0.060762111489925795,-0.018583738987649336,0.07125488475868938,-0.057619360142091326,-0.19092083324820494,-0.05004375923487517,-0.2298857678683389,0.30415754322665617,0.06198583709155255,0.2869498705076253,0.2761930429017378,0.2878035434017958,0.34240244328023983,0.331256476472065,0.22975976441140306,0.10689348262508719,0.07740806595771105,0.1417922825251939,0.03837540958318667,0.040066238979207025,-0.06795163612241965,0.060987273688121214
EnclosedPorch,-0.14905028142767693,-0.012036621902094771,0.008056664084360617,-0.018339733672212328,-0.11393685859568162,0.07035618448230374,-0.3872677829280785,-0.1939191470992078,-0.10990679726021646,-0.10230330550073197,0.036543339448210164,-0.002537854589751547,-0.09547773670640776,-0.0652917009103091,0.06198869077325203,0.06108123777122687,0.009113210326003087,-0.049910649083753186,-0.008555333868578032,-0.11509296346134239,-0.09531652573608992,0.04157043451959824,0.03731238503296963,0.004151299023856323,-0.02482186853706847,-0.07682158643121384,-0.15143416002683724,-0.1217767195610043,-0.1259888880376007,-0.09307931750864903,1.0,-0.03730528278804611,-0.08286424483260343,0.05420256229213969,0.018360600139447715,-0.028887265707142493,-0.009915936955524396,0.38622755373023665,0.07678972813515313,0.19332114496460717,-0.13737588787272104,-0.0522753184841663,-0.14552311669103724,-0.03878795163095454,-0.0510742012014672,-0.045043523694196355,0.0034899895680213524,-0.038126211994038595,-0.15497939242129843,0.0035880121086222664,0.09004275419844286,-0.06178866908195772,-0.1365736746881122,0.6509163307665241,0.06464324011280849
3SsnPorch,0.05490022646762184,-0.04382454917560846,0.0646544920251004,0.020422829586133416,0.03037056713526452,0.025503660024132138,0.03135451306436603,0.045285809814976964,0.019143784329513205,0.026450506189898953,-0.029993397993921023,0.02076400569654798,0.03738372726300508,0.05610437448487508,-0.02435764842204794,-0.004295610410300094,0.020643189710186576,-0.00010609153998400853,0.035113630886772336,0.03535301658385297,-0.0049724884173161,-0.02447779636611455,-0.024600358690531954,-0.006683241010939702,0.011257238992774959,0.029401147331843142,0.035765285146453774,0.03508670020815975,-0.03277063359357436,-0.005842499340135753,-0.03730528278804611,1.0,-0.03143584703909575,-0.00799154887286895,0.00035396527793940183,0.02947379524994019,0.01864492540475066,-0.030486957597546285,-0.029345486446196414,-0.044102082233139626,0.028656916973203682,0.008032790074995385,0.028473344669933936,0.0035424078528919606,0.005461420662463845,0.033084120109384774,0.02121494804067626,0.04267698415144589,0.04313370365091606,-0.008006967850144627,-0.025119547008292255,0.028195952548474335,-0.024294840699792566,0.2107483816961546,-0.008075001422714334
ScreenPorch,0.12120760489686366,-0.026030176699806666,0.04106270279370958,0.04316037769525204,0.06488636049351544,0.05481052878611526,-0.05036443453861205,-0.038740010742610125,0.06224771119321621,0.06202062266534991,0.08887125137339073,-0.012579273444256824,0.08448898591431157,0.08875807262015682,0.040606447641001006,0.02679941302177244,0.10151039568208567,0.023147725763573802,0.03212140720908338,-0.00810609332811188,0.0724258451703809,0.044299691127134826,-0.05161336606147979,0.059382599559410935,0.18453026951684842,0.061415935745420085,0.05049379192719834,0.05141176244520852,-0.07418135123983237,0.07430394385024312,-0.08286424483260343,-0.03143584703909575,1.0,0.05130739451790554,0.03194576077490817,0.023216991793307076,0.01069410600377114,0.05075528053243195,-0.061382367691014815,0.039429548515063625,0.021611387343866837,0.030770704111669923,0.037676807827593944,0.05304715808722808,0.05989092462943532,0.10977131510603448,0.09985090920086877,0.09742320888852823,0.03790187829125061,0.043570965555908205,0.01668280411291225,0.0654876111545144,-0.09184260965318576,0.4894818874529457,0.059518994474400407
PoolArea,0.06979780600969036,0.008282707579624416,0.17456670713124897,0.07767239188017444,0.06516584360589199,-0.0019849422681841354,0.004949727615942999,0.005829372037106204,0.011928394029596522,0.1404912862549568,0.041709054681333575,-0.035092240793657914,0.12605313210083768,0.13152497564028254,0.08148687804909954,0.06215737226918922,0.1702053360005616,0.06761555618047507,0.02002462983851695,0.04960382558403366,0.0223814980554099,0.07070258356547471,-0.014525116015980777,0.0837573495149245,0.09507352203619863,0.015858023681647168,0.020933531041465454,0.061047271702060014,0.07337820695645396,0.060762111489925795,0.05420256229213969,-0.00799154887286895,0.05130739451790554,1.0,0.02966865085402175,-0.033736640262791315,-0.0596889316752469,-0.0075625644380090794,-0.01603215819132601,-0.009673963912879837,0.05181509295045241,0.07277423866935562,0.08967687936479803,0.081348809551643,0.09810146260052305,0.17574066342552083,0.16581606051353648,0.046171927551112595,0.0005728272231468111,0.011076510845885266,0.036598476157258905,0.016648110180008082,0.036477254900607804,0.0036362037876758397,0.9896653207254364
MiscVal,-0.020020820155022857,-0.007683291329865976,0.005332016427449894,0.03806769201918336,-0.031406210500746504,0.0687768060572499,-0.03438313873672287,-0.010286248783081431,-0.02951224865746647,0.003571473474954695,0.004939781228437705,-0.023836645134507763,-0.018478922431472124,-0.021095719463122223,0.016196874604388505,-0.003792870779996453,-0.0024156395502935623,-0.02304702486861695,-0.007366524543625446,-0.014289844970848111,0.0012901448492839542,0.007766971998717607,0.062340724004379115,0.024762884163584138,0.0014086054430451757,-0.006669285169502897,-0.04308012810223063,-0.02739991441262488,-0.009551228238372468,-0.018583738987649336,0.018360600139447715,0.00035396527793940183,0.03194576077490817,0.02966865085402175,1.0,-0.006494550221282175,0.004906262452651876,0.03454483824658244,0.006683400677756982,0.010601793770454174,-0.011867801126698645,-0.024930803048202888,-0.02595731564409117,0.015732174352752655,0.009432841433560884,-0.011384397792482468,-0.0020817844777103974,0.026346462307672833,-0.015817884895765105,-0.03155440976563839,0.005264594329687631,-0.004991646274042468,-0.016971287006232766,0.022817027522622466,0.033899634472792
MoSold,0.0573294845979097,-0.013584643238322348,0.007370326980995014,0.0012049882225877268,0.07081517178517327,-0.003510838599939743,0.012398470595440986,0.02149000222687611,-0.006723203934639954,-0.015726948262154667,-0.015210737972006668,0.03488844300908206,0.013196178616778433,0.03137156035207926,0.035164427361791005,-0.02217396057953783,0.05023968081827284,-0.025360894315259907,0.03287270523409066,0.055872128991723384,-0.009049888212650292,0.04654385993628238,0.026588907230915452,0.036907077159844405,0.04635710249771968,0.019150854512213596,0.040521730128251755,0.02797379982354057,0.021011044294297315,0.07125488475868938,-0.028887265707142493,0.02947379524994019,0.023216991793307076,-0.033736640262791315,-0.006494550221282175,1.0,-0.1457214126753949,-0.01877682156553721,-0.01957669873705993,-0.030827188299232155,0.04481858758211608,-0.01793449915869487,0.02453467227610259,0.04257321175280312,0.03764002310106516,0.03908360792378299,0.05272458992931399,0.053556940407025355,0.020520985821801885,0.00953140145467756,0.02448907458854855,0.0189037042624274,0.05427147024992497,0.007323105083086794,-0.03761744126964135
YrSold,-0.037262969463139284,-0.02140703785109821,0.004755612409075328,-0.01426140729855021,-0.027346708327825386,0.043949745692488544,-0.01361768000183213,0.03574324712127364,-0.008316622580938534,0.014358922393909302,0.03170563698487945,-0.04125819493876721,-0.014968648018762356,-0.01360377050464661,-0.02869991393529755,-0.028920879782296086,-0.03652581962473121,0.06704913767140361,-0.04652388177400862,-0.019668840691520386,-0.010268668868105917,-0.03601389283370446,0.031687206500669154,-0.03451635430218269,-0.024095564980725313,-0.011133812549118395,-0.039116904112831495,-0.027377940418545084,0.022270451009253036,-0.057619360142091326,-0.009915936955524396,0.01864492540475066,0.01069410600377114,-0.0596889316752469,0.004906262452651876,-0.1457214126753949,1.0,0.05750015991007409,0.014060565466873102,0.02857286025878952,-0.021096749441461338,0.05677687748540057,0.02014366055895839,-0.03344539863465284,-0.019130049922468667,-0.031277895147577416,-0.03413013119161632,0.009936823631925584,-0.0032689977247069815,-0.028942977183378824,-0.012226747826432459,-0.01109712776261846,0.02043611806639777,0.016861232632394644,-0.0575847630312766
HouseAge,-0.5872900470291361,-0.02874648641359135,-0.12060095089170268,-0.014831558519227094,-0.5726294680112975,0.3773254975104505,-0.9990359444033182,-0.5903597200585918,-0.3114785424298818,-0.24848308141621445,0.050422126465853,-0.1506189918290662,-0.39149776403037023,-0.28214267508967616,-0.011551593652793877,0.18222755234771848,-0.20030249630654806,-0.18436182698653145,0.03605962701722577,-0.46840292020672947,-0.24272773350719212,0.06895972022171822,0.1759184083061002,-0.09695522283693345,-0.14854356345186034,-0.2720932479197934,-0.5387273901503337,-0.47940772523967634,-0.22355114057385767,-0.19092083324820494,0.38622755373023665,-0.030486957597546285,0.05075528053243195,-0.0075625644380090794,0.03454483824658244,-0.01877682156553721,0.05750015991007409,1.0,0.2722515270907686,0.5941777483262657,-0.5016902115502254,-0.17741188347424322,-0.5225949607345113,-0.22932111462382446,-0.26976297054944437,-0.3363376557036238,-0.21896294092988264,-0.15805422436106195,-0.4139063314559869,-0.07965771013106183,0.09625698157967669,-0.23119796093360417,-0.3039207869007606,0.395677211143465,-0.00847145904207569
GarageAge,-0.3491098222248531,0.08093144024948695,-0.10484701001225377,-0.07263783641103418,-0.28906704031400215,0.006643879792496886,-0.2720591509379317,-0.14624720049735912,-0.13271583854221514,-0.11579632885436253,-0.034975781900722716,-0.04283915480386328,-0.1763962158762476,-0.16667531978264208,-0.06448346869179669,0.14637720052443537,-0.16264392496009358,-0.049071571544240196,-0.016946792990729615,-0.13751639200524998,-0.11719181123694541,0.00974376764578131,0.15807831909969947,-0.09570478109152271,-0.18632742559302892,-0.9999957163789118,-0.5980970957035785,-0.560842331313765,-0.11723529167204833,-0.05004375923487517,0.07678972813515313,-0.029345486446196414,-0.061382367691014815,-0.01603215819132601,0.006683400677756982,-0.01957669873705993,0.014060565466873102,0.2722515270907686,1.0,0.14718096367616965,-0.16544722489763433,-0.05337505258334991,-0.16897635195297736,-0.125460167072043,-0.13690165690700862,-0.19773245420430918,-0.17764770273536404,-0.20991729687615293,-0.17946991032741572,-0.0977700109649161,-0.034995766465170254,-0.9985961762484655,-0.12249773744269316,0.03856221049162708,-0.01625490839318035
RemodAge,-0.568148625126593,-0.04196694537616913,-0.08417797147955787,-0.014611385549691148,-0.5524975216705662,-0.07095043873136138,-0.5938508417979211,-0.9979308897647804,-0.17699057609566457,-0.12742879074607374,0.06980722688947956,-0.18381308652819273,-0.29194928542051496,-0.2411493647411092,-0.14181743530451507,0.06057089384672261,-0.28961611500083606,-0.1151507770124269,0.009338706958155935,-0.4403432846604732,-0.18399974882780626,0.0382798891651964,0.15166954717692255,-0.19392062877770203,-0.11414201568139966,-0.1471027505265349,-0.4231971335842539,-0.3733972373450462,-0.2043179079537521,-0.2298857678683389,0.19332114496460717,-0.044102082233139626,0.039429548515063625,-0.009673963912879837,0.010601793770454174,-0.030827188299232155,0.02857286025878952,0.5941777483262657,0.14718096367616965,1.0,-0.454167430494785,-0.11386604512540548,-0.4424449254350861,-0.2906027698308153,-0.31471614386023355,-0.3402960250046061,-0.2976661332711988,-0.45757331862703693,-0.2262118594414137,-0.13894680517147326,-0.05849320491673866,-0.11456215268474701,-0.28511602730145613,0.20076528908292265,-0.013290163933427659
BathsAbvGr,0.6393195069286711,0.18411428381636205,0.18302271600822953,0.11480493462574225,0.5850379391790668,-0.19219665176057343,0.5015473634113422,0.4527796060413458,0.31518658800514054,0.052395109126268234,-0.07892493286535374,0.23397734996901967,0.26111389426397313,0.2823001468934476,0.6060391816480565,-0.01132041910370773,0.7100867880092916,-0.0680982492329986,-0.052117322785934395,0.9201156653671231,0.5134733032140811,0.40425299331639347,0.08831729352060304,0.6163193329684972,0.2915776388455728,0.16539156993040663,0.4934794191567325,0.41603665664174483,0.2053168447421523,0.30415754322665617,-0.13737588787272104,0.028656916973203682,0.021611387343866837,0.05181509295045241,-0.011867801126698645,0.04481858758211608,-0.021096749441461338,-0.5016902115502254,-0.16544722489763433,-0.454167430494785,1.0,-0.08070002953116358,0.7568856438636367,0.7879127432902905,0.7580519441760072,0.5921437907767282,0.7170246858716358,0.33152345268987027,0.2785187272848674,0.03420928315306726,0.4819983545740894,0.14013230638115193,0.2387286788899693,-0.13741431833759196,0.057772787632550296
BsmtBaths,0.2368359104178748,0.0029770020408762515,0.10957983713208237,0.1705007203977543,0.10263967420194156,-0.0280493504335808,0.18018603797345573,0.11752311535185102,0.08999668935676879,0.66980182895623,0.1763372955196915,-0.4483410172453663,0.30962664894720965,0.246994416415918,-0.1763191385018475,-0.04885784909670572,0.030716799975548974,0.9733648243640232,0.08280893916885905,-0.07764705041619685,-0.03400167234659277,-0.14104083470609102,-0.050615623679526774,-0.05920791143858285,0.14569869427246343,0.053543222143592396,0.12804640868486653,0.17487139569043555,0.18596486388133465,0.06198583709155255,-0.0522753184841663,0.008032790074995385,0.030770704111669923,0.07277423866935562,-0.024930803048202888,-0.01793449915869487,0.05677687748540057,-0.17741188347424322,-0.05337505258334991,-0.11386604512540548,-0.08070002953116358,1.0,0.590335055540083,-0.0709904197583535,0.17448585659366672,0.18452672841229648,0.03552952996663572,0.04906979114929445,0.11688273912195958,0.14224005929719513,-0.22437876074722204,0.04814147524311633,0.1560134335018162,-0.04198522010679884,0.08323168454928043
AllBaths,0.6730105940434354,0.15104763607339894,0.22006166089757193,0.2047638987873352,0.5410628268191986,-0.17403231904744,0.5242982563713847,0.4437189552493066,0.31424750651137484,0.48160914925151144,0.05170850599126384,-0.10449613893863337,0.41446773312123353,0.3905572784554432,0.3751602625259425,-0.041202672678074335,0.5951685094587328,0.5830756620007732,0.012092071100427699,0.6941971437508355,0.39351601495991145,0.2348853913906299,0.038331350709192115,0.46027330444091197,0.331652010167435,0.16904154899700657,0.48357761925005677,0.45156699145880036,0.2882000205792605,0.2869498705076253,-0.14552311669103724,0.028473344669933936,0.037676807827593944,0.08967687936479803,-0.02595731564409117,0.02453467227610259,0.02014366055895839,-0.5225949607345113,-0.16897635195297736,-0.4424449254350861,0.7568856438636367,0.590335055540083,1.0,0.5915039403867306,0.728278013008428,0.6005093288659756,0.6039424549827742,0.3006419015164396,0.30218269441693857,0.12096746226455528,0.24320004419127988,0.14504476033596495,0.2956181770852329,-0.138807165243653,0.10135821744826849
AllRmsAbvGr,0.6135123402875147,0.08791043470266469,0.3160945457030663,0.18371090786635186,0.5132576972189059,-0.10383552189223741,0.2282091813403732,0.2884728274555921,0.31504993078571647,0.050684617302173475,-0.05169492485026016,0.26758684976532676,0.30320023183643596,0.40660097711440263,0.6674499418964027,0.09911681959882943,0.8627671187908412,-0.06249545800824686,-0.03458573784310393,0.7153521674592672,0.4256468961681874,0.6527792822012513,0.2272392556868476,0.9705357858796829,0.3442234505382156,0.1253668897155496,0.4342875948961656,0.3914600974994153,0.19261453144729565,0.2761930429017378,-0.03878795163095454,0.0035424078528919606,0.05304715808722808,0.081348809551643,0.015732174352752655,0.04257321175280312,-0.03344539863465284,-0.22932111462382446,-0.125460167072043,-0.2906027698308153,0.7879127432902905,-0.0709904197583535,0.5915039403867306,1.0,0.9697885570645665,0.7119764763128303,0.8606662045540028,0.3444792218236591,0.24435798575433093,0.021287286295236796,0.5236050108157163,0.11191226735733704,0.18723323632237265,-0.04716639964506083,0.09104667509578318
AllRooms,0.6635504217478794,0.0875088764599342,0.338832104651117,0.22304862079959487,0.5317644470281712,-0.10936112598643215,0.26934378382626645,0.31350795865652153,0.3330115784742251,0.2138427934213966,-0.007904892303411367,0.15450032601550553,0.3750277414400267,0.4617822207436657,0.6157520598279935,0.08589432019180034,0.8591930137134761,0.1763576534100665,-0.013889229164976686,0.6871704016591508,0.4118618581507718,0.6098977197455006,0.21194052815901893,0.9435845285163867,0.37543293509293846,0.13685070637180977,0.4600226641004431,0.4291971980969843,0.23561980899882978,0.2878035434017958,-0.0510742012014672,0.005461420662463845,0.05989092462943532,0.09810146260052305,0.009432841433560884,0.03764002310106516,-0.019130049922468667,-0.26976297054944437,-0.13690165690700862,-0.31471614386023355,0.7580519441760072,0.17448585659366672,0.728278013008428,0.9697885570645665,1.0,0.7479563731618432,0.8582961164976097,0.35205346213856475,0.2698033680566056,0.055800557814914914,0.46200184156343854,0.12224789917648136,0.22298261844170827,-0.0568284000408876,0.11023222862873687
TotalSF,0.7732768410005639,-0.07929278551222148,0.44873036497714,0.3068136618499898,0.6648302888837496,-0.14198028633285395,0.3354884458810782,0.3384040317528416,0.43938547251556154,0.41108352907628176,0.04967824573976176,0.37454045232128885,0.8228883955551266,0.7976783128235425,0.34568907513175123,0.06822286380915402,0.8803239594943552,0.18594252720942533,-0.01223812404151082,0.5744030766574918,0.23927845982930038,0.3594586067373668,0.027142049912880925,0.6788024533202122,0.47541644019686213,0.19764818679336946,0.5296076153284963,0.5584659378027531,0.28145861697530944,0.34240244328023983,-0.045043523694196355,0.033084120109384774,0.10977131510603448,0.17574066342552083,-0.011384397792482468,0.03908360792378299,-0.031277895147577416,-0.3363376557036238,-0.19773245420430918,-0.3402960250046061,0.5921437907767282,0.18452672841229648,0.6005093288659756,0.7119764763128303,0.7479563731618432,1.0,0.8812507893178987,0.42773886858713056,0.3310659017791791,0.2513916288855668,0.1654586960632388,0.1816312069732191,0.2329286034595611,-0.020664539009097593,0.20139980964144685
1and2FlrSF,0.7102743349098309,0.07113732773147503,0.38540737980558765,0.26484972586312866,0.6007583484007735,-0.08272446093696817,0.21780469431403823,0.29559251888852056,0.3976691305958516,0.21591334651655694,-0.011101190934643594,0.23961947610958287,0.46173763145297125,0.5720410284233268,0.6872850677744075,0.04250123773617707,0.9957175958183923,0.039522948574110074,-0.018530191392222076,0.6352963042044634,0.42174201483269136,0.5157344554599852,0.10019024258599785,0.8200878344460208,0.4674879086675962,0.17755434542075008,0.4799323575028782,0.4791892606855136,0.2518561568514824,0.331256476472065,0.0034899895680213524,0.02121494804067626,0.09985090920086877,0.16581606051353648,-0.0020817844777103974,0.05272458992931399,-0.03413013119161632,-0.21896294092988264,-0.17764770273536404,-0.2976661332711988,0.7170246858716358,0.03552952996663572,0.6039424549827742,0.8606662045540028,0.8582961164976097,0.8812507893178987,1.0,0.43194375396873014,0.25547147729847886,0.06862657493697298,0.5122890323062141,0.16580560978720113,0.20195538209845354,0.009427099985991786,0.184284107606869
OverallQualCond,0.6068728118075558,-0.011088412039756121,0.16310676748031444,0.08561630874611569,0.7171671693872397,0.6067254233235304,0.15873842534581406,0.45814803086499356,0.22571352441790432,0.14061066444579956,-0.01874824907337089,0.14851324598795315,0.28887476503762444,0.27417819247321923,0.27287890425221356,0.009066913030038657,0.4292342718661373,0.03713673948375284,0.0502533136637235,0.2995549155780478,0.18224619813253165,0.1022068416249124,-0.19730258572232795,0.3108108004198473,0.30874927020579357,0.20995412545487577,0.3389112168972632,0.33010822504589993,0.18166186999902895,0.22975976441140306,-0.038126211994038595,0.04267698415144589,0.09742320888852823,0.046171927551112595,0.026346462307672833,0.053556940407025355,0.009936823631925584,-0.15805422436106195,-0.20991729687615293,-0.45757331862703693,0.33152345268987027,0.04906979114929445,0.3006419015164396,0.3444792218236591,0.35205346213856475,0.42773886858713056,0.43194375396873014,1.0,0.1827649541226613,0.20852267987354403,0.19675981384209812,0.20096116356983737,0.17625773340178993,0.01708093042456654,0.04728308909926082
Has_MasVnr,0.3822718088078489,0.032296616157303594,0.13372603006821154,0.030952458608240883,0.3838449738153517,-0.15683156836805992,0.4144100867656668,0.22598119417342122,0.6920893555026443,0.22928646474575023,-0.06733336569338326,0.11458088330914273,0.32902371416919657,0.3133247983779832,0.02752372821914296,-0.09916057711579077,0.24419735986022564,0.106584881348536,0.040909576894424426,0.2661542022357953,0.12135423446594099,0.0717544894631627,-0.06034859804044432,0.20351191931842066,0.20290417633455252,0.17946695912117092,0.36727513727956446,0.3384141661339564,0.14193256299938561,0.10689348262508719,-0.15497939242129843,0.04313370365091606,0.03790187829125061,0.0005728272231468111,-0.015817884895765105,0.020520985821801885,-0.0032689977247069815,-0.4139063314559869,-0.17946991032741572,-0.2262118594414137,0.2785187272848674,0.11688273912195958,0.30218269441693857,0.24435798575433093,0.2698033680566056,0.3310659017791791,0.25547147729847886,0.1827649541226613,1.0,0.08858560988111407,-0.060351081163175266,0.16329415849899492,0.15656090153998933,-0.12214298804542592,0.0033621788957295708
Has_Bsmt,0.19963440195810844,-0.015438852744547845,0.03350307801225319,0.01973343291028058,0.21017698987227734,0.08339821705591335,0.07850963088934343,0.1370530552654323,0.05987865824806954,0.15689870823441637,0.04654512847750578,0.20707269346772622,0.38879949395815677,0.023875742806445832,0.060787788310857814,0.014636892828913414,0.06941716482781511,0.13221885470580375,0.0388709746547949,-0.01655840877427365,0.1228109625417695,0.00565521454068582,-0.2824775153287628,0.013837080346422061,0.08575931517033865,0.09768889233047687,0.07807526521243668,0.08482989645542706,0.09040118714759482,0.07740806595771105,0.0035880121086222664,-0.008006967850144627,0.043570965555908205,0.011076510845885266,-0.03155440976563839,0.00953140145467756,-0.028942977183378824,-0.07965771013106183,-0.0977700109649161,-0.13894680517147326,0.03420928315306726,0.14224005929719513,0.12096746226455528,0.021287286295236796,0.055800557814914914,0.2513916288855668,0.06862657493697298,0.20852267987354403,0.08858560988111407,1.0,0.052706462609845704,0.09418671721530716,0.10219698120962359,0.037512077369871416,0.011192178420242156
Has_2ndFlr,0.15054940161003055,0.3669551135543297,-0.044146267936089084,0.011727023493156588,0.17534662177340357,0.0620944639311865,-0.09694520257885322,0.05772903766905884,0.06520302369702907,-0.21441990111163642,-0.11713123245101056,-0.03513187558020089,-0.3013768931035609,-0.3385381105110184,0.9114206692840077,0.03086648228326081,0.5109366377225834,-0.21694077421781852,-0.024934000493063952,0.29484531824223187,0.5731859445461779,0.41924630666105567,0.041498414135617404,0.48100428354321184,0.11840478929219592,0.03496126594119128,0.05172022898962669,0.0017500902767733357,0.03222993244077833,0.1417922825251939,0.09004275419844286,-0.025119547008292255,0.01668280411291225,0.036598476157258905,0.005264594329687631,0.02448907458854855,-0.012226747826432459,0.09625698157967669,-0.034995766465170254,-0.05849320491673866,0.4819983545740894,-0.22437876074722204,0.24320004419127988,0.5236050108157163,0.46200184156343854,0.1654586960632388,0.5122890323062141,0.19675981384209812,-0.060351081163175266,0.052706462609845704,1.0,0.0362854508487263,0.03293077557022927,0.06412469164766295,0.03952490823783688
Has_Garage,0.3229985232994594,-0.08535739024919992,0.10163099492166225,0.07401457947836088,0.26196796005833073,0.009690365759745495,0.23107167152886884,0.11382563172180346,0.11984457402495155,0.10804295071884246,0.03973331966526564,0.032923892553873714,0.16009815707609226,0.1548463344307372,0.060821104324909676,-0.14512781222684462,0.15101472249492842,0.042988030322113506,0.020814007428537763,0.11284618053309357,0.10721153347176265,-0.006672119199677392,-0.15251530759561222,0.08828482152767207,0.18410997360485612,0.998600515647181,0.5732872764744834,0.5363330077786217,0.10578481958803806,0.03837540958318667,-0.06178866908195772,0.028195952548474335,0.0654876111545144,0.016648110180008082,-0.004991646274042468,0.0189037042624274,-0.01109712776261846,-0.23119796093360417,-0.9985961762484655,-0.11456215268474701,0.14013230638115193,0.04814147524311633,0.14504476033596495,0.11191226735733704,0.12224789917648136,0.1816312069732191,0.16580560978720113,0.20096116356983737,0.16329415849899492,0.09418671721530716,0.0362854508487263,1.0,0.10649578021566443,-0.02179210174328541,0.01682195973867691
Has_WoodDeck,0.32034899659563093,0.03108898094089392,0.03741624227349627,0.061508363027121114,0.27429355698358887,-0.04210896786991735,0.30529485611236706,0.2863888853939835,0.09936371583478658,0.1455590967072044,0.04258779314100654,0.03361032352253464,0.20084267124518218,0.17601042369333977,0.0852368454712535,-0.031320125712264814,0.19739822960079814,0.1471866259955016,0.033225003903321226,0.22659782747480342,0.1073755009208903,0.009011090337714635,-0.09060976897101387,0.14602800882189956,0.17340383459256592,0.12256207666845821,0.24002596412173707,0.20759041153741323,0.7848255245617316,0.040066238979207025,-0.1365736746881122,-0.024294840699792566,-0.09184260965318576,0.036477254900607804,-0.016971287006232766,0.05427147024992497,0.02043611806639777,-0.3039207869007606,-0.12249773744269316,-0.28511602730145613,0.2387286788899693,0.1560134335018162,0.2956181770852329,0.18723323632237265,0.22298261844170827,0.2329286034595611,0.20195538209845354,0.17625773340178993,0.15656090153998933,0.10219698120962359,0.03293077557022927,0.10649578021566443,1.0,-0.19527914832142934,0.03272377115379214
Has_Porch,-0.0931396352092028,-0.05252349175703206,0.000246665021589851,0.000935605139954091,-0.09586086644298038,0.12341775293445503,-0.3955547658183662,-0.19964514745969228,-0.06630574247728122,-0.06286694405335667,0.06060949161573016,-0.011262239997918547,-0.054415628016782853,-0.023394244008455144,0.03197269035955079,0.039900431554398604,0.013041671560370343,-0.0438213942905493,0.009365824752469875,-0.1284212888810052,-0.06621111528912142,0.009021372344108526,-0.006483802273392286,-0.006548404073500267,0.07777770797660943,-0.038514275087086505,-0.1334615874735909,-0.11114610257586385,-0.16932485189626179,-0.06795163612241965,0.6509163307665241,0.2107483816961546,0.4894818874529457,0.0036362037876758397,0.022817027522622466,0.007323105083086794,0.016861232632394644,0.395677211143465,0.03856221049162708,0.20076528908292265,-0.13741431833759196,-0.04198522010679884,-0.138807165243653,-0.04716639964506083,-0.0568284000408876,-0.020664539009097593,0.009427099985991786,0.01708093042456654,-0.12214298804542592,0.037512077369871416,0.06412469164766295,-0.02179210174328541,-0.19527914832142934,1.0,0.00855565274311197
Has_Pool,0.06983498676138589,0.008610208664207525,0.20123799265333667,0.08716584487262787,0.07390693557589396,-0.009157744022254617,0.005952569474999973,0.009579937963182083,0.019602917200196645,0.16627074323450625,0.04329610616687433,-0.037278818376009284,0.15123588258974507,0.1467268480603979,0.09007283649540158,0.07162108613704625,0.18939735102573182,0.07689206996728434,0.024813177944055017,0.05481515359734418,0.026033154920563278,0.07216234763356268,-0.014676795995371108,0.09382817949270768,0.10322467238327349,0.016086941570228407,0.02163651702371977,0.07205427557317383,0.06167080667123077,0.060987273688121214,0.06464324011280849,-0.008075001422714334,0.059518994474400407,0.9896653207254364,0.033899634472792,-0.03761744126964135,-0.0575847630312766,-0.00847145904207569,-0.01625490839318035,-0.013290163933427659,0.057772787632550296,0.08323168454928043,0.10135821744826849,0.09104667509578318,0.11023222862873687,0.20139980964144685,0.184284107606869,0.04728308909926082,0.0033621788957295708,0.011192178420242156,0.03952490823783688,0.01682195973867691,0.03272377115379214,0.00855565274311197,1.0
